req_id,module,requirement_description,business_ref,software_ref,design_ref,code_ref,test_case,implementation_status,notes
BR-HELP-001,Helpdesk,Internal staff helpdesk form with guest metadata,D02 §6.1,D03 §5.1,D04 §4.1,"app/Livewire/Helpdesk/GuestForm.php, app/Models/HelpdeskTicket.php","tests/Feature/Helpdesk/GuestSubmissionTest.php",completed,"Livewire 3.7.0 + Volt 1.10.1 form; stores submitter metadata without user account"
BR-HELP-002,Helpdesk,Auto-generated ticket numbering (HD-YYYYMM-XXXX),D02 §6.1,D03 §5.1,D09 §5.3,"app/Models/HelpdeskTicket.php, database/migrations/*_create_helpdesk_tickets_table.php","tests/Feature/Helpdesk/TicketCreationTest.php",completed,Sequential numbering with format validation
BR-HELP-003,Helpdesk,SLA-based priority classification,D02 §6.1,D03 §5.1,D04 §4.1,"app/Services/SLATrackingService.php, config/helpdesk.php","tests/Feature/Helpdesk/SLATest.php",completed,Priority enum: LOW|MEDIUM|HIGH|CRITICAL with SLA deadlines
BR-HELP-004,Helpdesk,Admin assignment and triage via Filament,D02 §6.1,D03 §5.3,D04 §4.1,"app/Filament/Resources/HelpdeskTicketResource.php","tests/Feature/Helpdesk/AssignmentTest.php",completed,Filament 4.1.10 resource with real-time notifications via Laravel Reverb 1.6.2
BR-HELP-005,Helpdesk,File attachment management with virus scanning,D02 §6.1,D03 §5.1,D09 §5.5,"app/Models/HelpdeskAttachment.php, app/Services/FileUploadService.php","tests/Feature/Helpdesk/AttachmentTest.php",completed,ClamAV scanning; S3 storage with SHA256 checksum
BR-HELP-006,Helpdesk,Email notifications for ticket lifecycle,D02 §6.1,D03 §5.4,D08 §3,"app/Jobs/SendEmailNotification.php, app/Mail/TicketCreated.php","tests/Feature/Notification/EmailQueueTest.php",completed,Queued emails with WCAG-compliant templates
BR-LOAN-001,Asset Loan,Internal staff loan application form,D02 §6.2,D03 §5.2,D04 §4.2,"app/Livewire/Loan/GuestForm.php, app/Models/LoanApplication.php","tests/Feature/Loan/GuestSubmissionTest.php",completed,"Livewire 3.7.0 + Volt 1.10.1 form; stores applicant metadata without user account"
BR-LOAN-002,Asset Loan,Auto-generated reference numbering (LA-YYYYMM-XXXX),D02 §6.2,D03 §5.2,D09 §5.6,"app/Models/LoanApplication.php, database/migrations/*_create_loan_applications_table.php","tests/Feature/Loan/ApplicationCreationTest.php",completed,Sequential numbering with format validation
BR-LOAN-003,Asset Loan,Real-time asset availability checking,D02 §6.2,D03 §5.2,D04 §4.2,"app/Services/AssetAvailabilityService.php, app/Livewire/Loan/GuestForm.php","tests/Feature/Loan/AvailabilityTest.php",completed,Alpine.js 3 + Livewire 3.7.0 for real-time validation
BR-LOAN-004,Asset Loan,Email-based approval workflow with signed tokens,D02 §6.2,D03 §5.2,D04 §4.2,"app/Services/DualApprovalService.php, app/Models/LoanApproval.php","tests/Feature/Loan/ApprovalTokenTest.php",completed,JWT + SHA512 hashed tokens; 72-hour expiry
BR-LOAN-005,Asset Loan,Grade 41 officer approval via email link,D02 §6.2,D03 §5.2,D09 §5.9,"app/Http/Controllers/ApprovalController.php, resources/views/approval/decision.blade.php","tests/Feature/Loan/ApprovalTest.php",completed,Signed URL with decision recording (APPROVED|REJECTED)
BR-LOAN-006,Asset Loan,Asset check-out/check-in tracking,D02 §6.2,D03 §5.2,D09 §5.8,"app/Models/LoanTransaction.php, app/Filament/Resources/LoanTransactionResource.php","tests/Feature/Loan/TransactionTest.php",completed,Admin-managed via Filament 4.1.10 with condition notes
BR-LOAN-007,Asset Loan,Loan audit trail with IP tracking,D02 §6.2,D03 §5.5,D09 §5.10,"app/Models/LoanAudit.php, app/Observers/LoanApplicationObserver.php","tests/Feature/Audit/LoanAuditTest.php",completed,SHA512 hashed IP addresses; 7-year retention
BR-ADMIN-001,Administration,Filament admin panel for daily operations,D02 §6.3,D03 §5.3,D04 §5,"app/Filament/Resources/*, app/Providers/Filament/AdminPanelProvider.php","tests/Feature/Filament/AdminPanelTest.php",completed,Filament 4.1.10 with role-based access (admin|superuser)
BR-ADMIN-002,Administration,Real-time dashboard with SLA metrics,D02 §6.3,D03 §5.3,D04 §5,"app/Filament/Widgets/*, app/Services/DashboardService.php","tests/Feature/Filament/DashboardTest.php",completed,Livewire 3.7.0 widgets with Laravel Reverb 1.6.2 real-time updates
BR-ADMIN-003,Administration,2FA for superuser accounts,D02 §6.3,D03 §5.3,D11 §8,"app/Models/Traits/EncryptsAttributes.php, app/Http/Middleware/TwoFactorAuth.php","tests/Feature/Auth/TwoFactorTest.php",completed,TOTP-based 2FA with encrypted secrets (AES-256)
BR-INTEG-001,Integration,Government SMTP email integration,D02 §6.2,D03 §5.4,D08 §3,"config/mail.php, app/Services/EmailService.php","tests/Feature/Integration/SmtpTest.php",completed,Primary: GOV SMTP; Fallback: AWS SES
BR-INTEG-002,Integration,BPM SMS gateway for notifications,D02 §6.2,D03 §5.4,D08 §3,"app/Services/SmsService.php, config/services.php","tests/Feature/Integration/SmsTest.php",completed,API token stored in secrets manager
BR-INTEG-003,Integration,Optional webhook for external systems,D02 §6.3,D03 §5.4,D08 §5,"app/Http/Controllers/WebhookController.php, config/webhooks.php","tests/Feature/Integration/WebhookTest.php",completed,Superuser-controlled webhook configuration
NFR-PERF-001,Performance,Core Web Vitals compliance (LCP<2.5s),D02 §7,D03 §8.2,D11 §9,"resources/js/*, vite.config.js, public/build/*","tests/E2E/Performance/CoreWebVitalsTest.spec.ts",completed,Lighthouse CI integration; Vite 7.0.7 optimization
NFR-PERF-002,Performance,Query optimization with eager loading,D02 §7,D03 §8.2,D11 §9,"app/Models/*, database/migrations/* [indexes]","tests/Performance/QueryOptimizationTest.php",completed,N+1 prevention; composite indexes on FK columns
NFR-PERF-003,Performance,Redis caching for frequent queries,D02 §7,D03 §8.2,D11 §9,"config/cache.php, app/Services/CacheService.php","tests/Feature/Cache/CacheTest.php",completed,Cache driver: redis; TTL: 3600s
NFR-SEC-001,Security,CSRF protection on all forms,D02 §7,D03 §8.1,D11 §8,"app/Http/Middleware/VerifyCsrfToken.php","tests/Feature/Security/CsrfTest.php",completed,Laravel default CSRF middleware
NFR-SEC-002,Security,Rate limiting (60 req/min per IP),D02 §7,D03 §8.1,D11 §8,"app/Http/Middleware/ThrottleRequests.php, routes/web.php","tests/Feature/Security/RateLimitTest.php",completed,Applied to guest forms; returns 429 on exceed
NFR-SEC-003,Security,reCAPTCHA Enterprise on guest forms,D02 §7,D03 §8.1,D11 §8,"app/Services/RecaptchaService.php, resources/views/livewire/*","tests/Feature/Security/RecaptchaTest.php",completed,Invisible reCAPTCHA with score threshold
NFR-SEC-004,Security,File upload virus scanning (ClamAV),D02 §7,D03 §8.1,D11 §8,"app/Services/FileUploadService.php","tests/Feature/Security/VirusScanTest.php",completed,Scanned before storage; quarantine on detection
NFR-SEC-005,Security,Cryptographically signed approval links,D02 §7,D03 §8.1,D11 §8,"app/Services/DualApprovalService.php, routes/web.php [signed]","tests/Feature/Security/SignedRouteTest.php",completed,Laravel signed URL + custom JWT token
NFR-SEC-006,Security,AES-256 encryption for sensitive data,D02 §7,D03 §8.1,D11 §8,"app/Models/Traits/EncryptsAttributes.php, config/app.php","tests/Feature/Security/EncryptionTest.php",completed,Encrypted: phone|email|2FA secrets
NFR-ACCESS-001,Accessibility,WCAG 2.2 AA compliance,D02 §7,D03 §8.4,D12 §4,"resources/views/*, resources/js/accessibility-enhancements.js","tests/E2E/Accessibility/WcagTest.spec.ts",completed,Axe-core automated testing; manual NVDA validation
NFR-ACCESS-002,Accessibility,Full keyboard navigation support,D02 §7,D03 §8.4,D12 §4,"resources/js/keyboard-navigation.js, resources/views/*","tests/E2E/Accessibility/KeyboardTest.spec.ts",completed,Tab order|focus indicators|skip links implemented
NFR-ACCESS-003,Accessibility,Screen reader compatibility,D02 §7,D03 §8.4,D12 §4,"resources/views/* [ARIA labels], resources/js/accessibility-enhancements.js","tests/E2E/Accessibility/ScreenReaderTest.spec.ts",completed,NVDA|JAWS compatible; semantic HTML + ARIA
NFR-I18N-001,Localization,Bilingual support (MS primary + EN),D02 §7,D03 §8.4,D15 §2,"resources/lang/ms/*, resources/lang/en/*, app/Http/Middleware/SetLocale.php","tests/Feature/Localization/TranslationTest.php",completed,100% translation coverage; 150+ keys
NFR-I18N-002,Localization,Auto-detect browser language,D02 §7,D03 §8.4,D15 §2,"app/Http/Middleware/SetLocale.php, config/app.php","tests/Feature/Localization/DetectionTest.php",completed,Cookie-based persistence; fallback to MS
NFR-AUDIT-001,Audit,Spatie activity log integration,D02 §7,D03 §5.5,D09 §9,"config/activitylog.php, app/Models/* [LogsActivity trait]","tests/Feature/Audit/ActivityLogTest.php",completed,Polymorphic audit trail for all models
NFR-AUDIT-002,Audit,7-year audit log retention,D02 §7,D03 §8.5,D09 §9,"config/audit.php, database/migrations/*_create_activity_log_table.php","tests/Feature/Audit/RetentionTest.php",completed,PDPA + Arkib Negara compliance
NFR-BACKUP-001,Backup,Daily MySQL backup (30-day retention),D02 §7,D03 §8.5,D11 §13,"scripts/backup-database.sh, cron schedule",N/A,completed,Automated via cron; tested bi-annually
NFR-BACKUP-002,Backup,Daily S3 attachment backup,D02 §7,D03 §8.5,D11 §13,"scripts/backup-files.sh, cron schedule",N/A,completed,Secondary storage replication
NFR-MONITOR-001,Monitoring,Sentry error tracking,D02 §7,D03 §8.5,D11 §7,"config/sentry.php, bootstrap/app.php",N/A,completed,Real-time error alerts to dev team
NFR-MONITOR-002,Monitoring,Prometheus + Grafana metrics,D02 §7,D03 §8.5,D11 §7,"config/prometheus.php, docker-compose.yml",N/A,completed,Custom SLA tracking metrics
NFR-MONITOR-003,Monitoring,SIEM log aggregation (15-min batch),D02 §7,D03 §8.5,D11 §7,"config/logging.php, app/Services/SiemExportService.php",N/A,completed,Centralized logging to BPM SIEM
TEST-UNIT-001,Testing,PHPUnit unit tests (80%+ coverage),D02 §9,D03 §10,D10 §7,"tests/Unit/*, phpunit.xml",N/A,completed,Models|services|helpers unit tested
TEST-FEAT-001,Testing,PHPUnit feature tests (critical paths),D02 §9,D03 §10,D10 §7,"tests/Feature/*, phpunit.xml",N/A,completed,All workflows covered
TEST-E2E-001,Testing,Playwright end-to-end tests,D02 §9,D03 §10,D10 §7,"tests/e2e/*, playwright.config.ts",N/A,completed,Guest flows + admin workflows
TEST-ACCESS-001,Testing,Axe-core accessibility tests,D02 §9,D03 §10,D12 §4,"tests/e2e/accessibility/*, .github/workflows/accessibility.yml",N/A,completed,WCAG 2.2 AA automated validation
QUAL-FORMAT-001,Code Quality,PSR-12 compliance via Laravel Pint,D02 §9,D03 §10,D10 §5,"vendor/bin/pint, pint.json, .github/workflows/code-quality.yml",N/A,completed,Automated in CI/CD pipeline
QUAL-STATIC-001,Code Quality,Larastan level 9 static analysis,D02 §9,D03 §10,D10 §5,"vendor/bin/phpstan, phpstan.neon, .github/workflows/code-quality.yml",N/A,completed,Type safety enforcement
QUAL-METRICS-001,Code Quality,PHPInsights quality scoring,D02 §9,D03 §10,D10 §5,"vendor/bin/phpinsights, config/insights.php",N/A,completed,Architecture + complexity analysis
DEPLOY-DOCKER-001,Deployment,Docker Compose containerization,D02 §9,D03 §10,D11 §2,"docker-compose.yml, Dockerfile, .dockerignore",N/A,completed,Nginx + PHP-FPM + MySQL + Redis
DEPLOY-ENV-001,Deployment,Environment-specific configuration,D02 §9,D03 §10,D11 §2,"config/*, .env.example, .env.production",N/A,completed,Separate configs for dev|staging|prod
MCP-SERVER-001,MCP Integration,Laravel MCP server for AI agents,D02 §9,D03 §11,D08 §7,"app/Mcp/Servers/ICTServeServer.php, routes/ai.php","tests/Feature/Mcp/ServerTest.php",completed,Registered as 'ictserve' local server
MCP-TOOLS-001,MCP Integration,Query tools for helpdesk & loan data,D02 §9,D03 §11,D08 §7,"app/Mcp/Tools/*, app/Mcp/Servers/ICTServeServer.php","tests/Feature/Mcp/ToolsTest.php",completed,Real-time data access via MCP protocol
